user_level,exercise,cycle_phase,form_score,reps,left_angle,right_angle,symmetry_diff,fatigue_level,performance_trend,coaching_label
advanced,squat,menstrual,55,10,109.8,101.8,8.0,high,stable,reduce_intensity
advanced,squat,skip,41,5,115.3,115.4,0.1,medium,improving,reduce_intensity
beginner,lunge,skip,68,11,156.7,146.8,9.9,medium,improving,focus_control
beginner,shoulder_press,ovulatory,53,13,107.2,104.8,2.4,medium,improving,reduce_intensity
intermediate,bicep_curl,skip,86,17,137.5,147.0,9.5,medium,improving,progress_gradually
intermediate,squat,skip,79,14,140.4,144.5,4.1,medium,declining,progress_gradually
beginner,lunge,ovulatory,95,6,126.6,125.7,0.9,low,improving,increase_challenge
intermediate,lunge,ovulatory,82,11,149.1,152.8,3.7,medium,improving,progress_gradually
beginner,lunge,skip,50,17,126.6,136.4,9.8,high,improving,reduce_intensity
advanced,lunge,ovulatory,92,4,156.4,154.4,2.0,low,improving,increase_challenge
beginner,lunge,skip,53,18,127.7,136.0,8.3,high,stable,reduce_intensity
intermediate,lunge,ovulatory,87,20,137.7,142.6,4.9,low,improving,progress_gradually
intermediate,shoulder_press,ovulatory,72,18,106.4,97.3,9.1,low,improving,focus_control
beginner,lunge,follicular,78,5,126.9,128.8,1.9,high,stable,maintain_quality
intermediate,bicep_curl,skip,86,6,147.7,148.4,0.7,low,declining,progress_gradually
intermediate,bicep_curl,menstrual,50,17,100.2,104.6,4.4,medium,stable,reduce_intensity
advanced,bicep_curl,skip,98,6,160.9,156.9,4.0,low,declining,progress_gradually
advanced,lunge,follicular,74,19,164.3,166.3,2.0,medium,improving,maintain_quality
intermediate,squat,menstrual,55,4,116.9,118.2,1.3,medium,stable,reduce_intensity
beginner,squat,luteal,89,7,109.0,108.5,0.5,low,declining,progress_gradually
advanced,lunge,ovulatory,67,9,165.0,170.1,5.1,high,declining,focus_control
advanced,lunge,ovulatory,81,14,130.7,131.1,0.4,medium,declining,progress_gradually
beginner,lunge,follicular,41,20,116.1,110.5,5.6,low,stable,reduce_intensity
beginner,squat,follicular,95,13,105.0,99.8,5.2,low,improving,increase_challenge
advanced,shoulder_press,follicular,86,18,117.0,116.5,0.5,high,improving,maintain_quality
intermediate,lunge,menstrual,67,14,129.7,129.0,0.7,low,declining,focus_control
advanced,squat,menstrual,86,13,156.0,148.2,7.8,low,stable,progress_gradually
beginner,lunge,skip,67,8,119.5,114.5,5.0,medium,improving,focus_control
beginner,shoulder_press,skip,81,20,158.5,167.9,9.4,low,improving,progress_gradually
beginner,lunge,luteal,53,15,163.2,156.5,6.7,medium,stable,reduce_intensity
beginner,shoulder_press,ovulatory,67,20,146.3,146.0,0.3,medium,stable,focus_control
beginner,bicep_curl,follicular,87,20,104.3,100.6,3.7,low,declining,progress_gradually
beginner,shoulder_press,skip,43,19,105.6,99.3,6.3,high,improving,reduce_intensity
advanced,squat,follicular,100,10,140.5,131.3,9.2,medium,improving,progress_gradually
beginner,shoulder_press,skip,60,11,114.3,118.6,4.3,high,declining,focus_control
beginner,bicep_curl,luteal,81,12,132.0,140.6,8.6,low,declining,progress_gradually
beginner,squat,luteal,46,5,137.6,137.7,0.1,high,declining,prioritise_recovery
beginner,bicep_curl,menstrual,58,8,130.7,131.6,0.9,low,stable,focus_control
intermediate,squat,skip,46,7,118.5,126.3,7.8,medium,declining,reduce_intensity
advanced,lunge,ovulatory,53,13,114.3,117.0,2.7,medium,declining,reduce_intensity
intermediate,shoulder_press,ovulatory,80,16,158.1,149.0,9.1,low,improving,progress_gradually
intermediate,lunge,ovulatory,68,20,149.4,150.6,1.2,low,declining,focus_control
beginner,squat,follicular,93,14,140.8,133.8,7.0,high,improving,maintain_quality
beginner,squat,ovulatory,97,14,114.7,109.7,5.0,medium,improving,progress_gradually
beginner,bicep_curl,skip,87,7,164.8,159.5,5.3,medium,declining,progress_gradually
beginner,lunge,luteal,87,13,154.8,153.0,1.8,low,improving,progress_gradually
advanced,lunge,ovulatory,46,15,161.1,168.3,7.2,low,declining,reduce_intensity
beginner,lunge,luteal,92,10,115.6,118.8,3.2,medium,stable,progress_gradually
intermediate,bicep_curl,ovulatory,62,19,128.0,137.6,9.6,low,stable,focus_control
advanced,bicep_curl,menstrual,51,11,102.7,104.6,1.9,low,stable,reduce_intensity
intermediate,bicep_curl,luteal,47,15,163.0,156.8,6.2,high,declining,prioritise_recovery
beginner,shoulder_press,menstrual,83,9,125.5,116.9,8.6,high,declining,prioritise_recovery
advanced,bicep_curl,skip,94,6,150.4,146.4,4.0,medium,declining,progress_gradually
intermediate,shoulder_press,ovulatory,58,20,108.9,107.3,1.6,medium,declining,focus_control
intermediate,lunge,skip,65,20,158.4,154.5,3.9,high,stable,focus_control
beginner,shoulder_press,skip,60,17,130.9,134.4,3.5,high,declining,focus_control
advanced,shoulder_press,follicular,58,19,146.5,148.9,2.4,high,improving,focus_control
beginner,lunge,ovulatory,49,3,103.2,112.9,9.7,low,improving,reduce_intensity
advanced,squat,luteal,76,9,150.3,148.0,2.3,medium,declining,maintain_quality
intermediate,lunge,follicular,40,6,154.5,148.9,5.6,high,declining,reduce_intensity
advanced,shoulder_press,menstrual,98,6,132.0,138.0,6.0,high,improving,maintain_quality
advanced,bicep_curl,luteal,97,19,129.9,138.0,8.1,high,declining,prioritise_recovery
intermediate,lunge,luteal,88,10,158.8,154.3,4.5,medium,stable,progress_gradually
advanced,shoulder_press,follicular,44,12,116.4,113.1,3.3,medium,stable,reduce_intensity
advanced,squat,follicular,64,7,149.4,140.7,8.7,low,improving,focus_control
intermediate,bicep_curl,skip,43,9,158.3,156.1,2.2,medium,stable,reduce_intensity
advanced,squat,skip,40,14,120.9,118.7,2.2,medium,stable,reduce_intensity
intermediate,lunge,luteal,67,18,102.0,98.7,3.3,low,stable,focus_control
advanced,shoulder_press,follicular,79,20,101.9,99.8,2.1,medium,improving,progress_gradually
advanced,squat,menstrual,48,17,112.7,107.9,4.8,high,stable,reduce_intensity
intermediate,lunge,luteal,88,15,119.5,128.5,9.0,medium,stable,progress_gradually
intermediate,bicep_curl,menstrual,87,20,103.6,112.6,9.0,medium,improving,progress_gradually
beginner,squat,menstrual,52,3,143.5,138.3,5.2,low,improving,reduce_intensity
intermediate,squat,skip,84,11,153.7,147.1,6.6,low,stable,progress_gradually
advanced,squat,follicular,77,3,165.0,166.5,1.5,medium,improving,maintain_quality
intermediate,shoulder_press,follicular,84,10,107.1,112.5,5.4,low,declining,progress_gradually
advanced,squat,skip,74,16,146.3,137.7,8.6,low,stable,improve_range_of_motion
advanced,bicep_curl,menstrual,46,16,167.3,170.0,2.7,medium,stable,reduce_intensity
intermediate,lunge,luteal,73,11,143.1,151.5,8.4,low,declining,improve_range_of_motion
intermediate,shoulder_press,luteal,57,13,159.6,166.2,6.6,high,declining,prioritise_recovery
beginner,bicep_curl,luteal,76,15,123.5,123.4,0.1,low,stable,maintain_quality
intermediate,lunge,luteal,91,11,123.8,131.4,7.6,low,stable,progress_gradually
advanced,bicep_curl,skip,100,9,106.0,110.4,4.4,low,declining,progress_gradually
intermediate,lunge,luteal,71,17,155.5,147.4,8.1,high,declining,prioritise_recovery
beginner,shoulder_press,follicular,77,14,133.1,133.7,0.6,medium,declining,maintain_quality
intermediate,bicep_curl,ovulatory,57,12,117.6,110.0,7.6,high,stable,reduce_intensity
beginner,bicep_curl,menstrual,100,8,113.4,118.2,4.8,high,declining,prioritise_recovery
intermediate,bicep_curl,menstrual,54,14,112.6,102.9,9.7,low,stable,reduce_intensity
advanced,lunge,ovulatory,75,12,148.8,141.3,7.5,low,improving,maintain_quality
intermediate,squat,menstrual,70,18,130.8,124.5,6.3,high,stable,focus_control
beginner,bicep_curl,luteal,65,18,105.2,107.8,2.6,low,improving,focus_control
beginner,lunge,follicular,45,10,108.3,113.6,5.3,high,stable,reduce_intensity
advanced,lunge,skip,98,17,120.8,122.6,1.8,medium,stable,progress_gradually
intermediate,bicep_curl,skip,79,6,166.3,160.5,5.8,high,improving,maintain_quality
beginner,bicep_curl,menstrual,51,20,105.3,95.4,9.9,low,improving,reduce_intensity
intermediate,shoulder_press,ovulatory,58,12,149.2,148.3,0.9,low,improving,focus_control
advanced,lunge,ovulatory,82,9,129.8,130.7,0.9,high,declining,maintain_quality
advanced,lunge,ovulatory,43,8,155.5,157.4,1.9,low,improving,reduce_intensity
advanced,bicep_curl,luteal,84,12,149.0,157.9,8.9,low,stable,progress_gradually
advanced,shoulder_press,luteal,42,16,151.4,153.5,2.1,low,declining,reduce_intensity
beginner,squat,follicular,77,3,170.0,173.4,3.4,high,declining,maintain_quality
intermediate,squat,follicular,81,17,164.1,157.7,6.4,medium,declining,progress_gradually
advanced,shoulder_press,luteal,62,16,123.3,126.7,3.4,low,stable,focus_control
beginner,bicep_curl,luteal,58,15,156.9,157.9,1.0,high,stable,focus_control
intermediate,squat,ovulatory,47,15,160.5,167.0,6.5,medium,stable,reduce_intensity
beginner,shoulder_press,luteal,73,14,143.6,143.6,0.0,low,improving,maintain_quality
intermediate,squat,follicular,48,12,130.7,134.7,4.0,medium,declining,reduce_intensity
beginner,squat,skip,50,12,138.6,139.6,1.0,low,declining,reduce_intensity
beginner,lunge,menstrual,81,7,134.9,139.2,4.3,medium,improving,progress_gradually
advanced,bicep_curl,luteal,55,17,138.6,136.3,2.3,medium,stable,reduce_intensity
advanced,lunge,menstrual,61,19,118.7,108.8,9.9,medium,stable,focus_control
advanced,bicep_curl,skip,71,7,131.3,131.0,0.3,high,declining,focus_control
intermediate,shoulder_press,luteal,84,10,140.0,134.7,5.3,medium,improving,progress_gradually
intermediate,squat,ovulatory,85,15,127.0,130.3,3.3,high,stable,maintain_quality
advanced,lunge,luteal,72,13,160.9,168.4,7.5,low,improving,focus_control
intermediate,squat,skip,86,7,128.7,131.8,3.1,medium,improving,progress_gradually
beginner,squat,luteal,79,15,145.5,152.5,7.0,medium,stable,progress_gradually
advanced,shoulder_press,ovulatory,96,18,161.1,151.8,9.3,high,declining,improve_range_of_motion
beginner,lunge,ovulatory,45,16,168.5,173.7,5.2,low,declining,reduce_intensity
advanced,squat,luteal,59,3,103.2,109.1,5.9,low,declining,focus_control
intermediate,bicep_curl,ovulatory,55,19,128.8,132.4,3.6,medium,improving,reduce_intensity
beginner,lunge,follicular,95,15,143.4,138.2,5.2,low,declining,progress_gradually
advanced,lunge,follicular,56,17,117.9,108.1,9.8,medium,declining,reduce_intensity
intermediate,bicep_curl,skip,68,14,169.1,165.1,4.0,low,improving,focus_control
intermediate,bicep_curl,luteal,64,18,107.5,105.1,2.4,medium,improving,focus_control
intermediate,bicep_curl,ovulatory,65,11,100.6,107.9,7.3,low,declining,focus_control
advanced,squat,skip,93,12,154.3,148.9,5.4,high,stable,maintain_quality
intermediate,lunge,follicular,83,7,144.0,152.1,8.1,high,stable,improve_range_of_motion
advanced,squat,ovulatory,77,14,151.3,143.1,8.2,medium,improving,improve_range_of_motion
intermediate,bicep_curl,luteal,48,20,161.4,158.7,2.7,low,improving,reduce_intensity
advanced,bicep_curl,follicular,91,12,152.3,149.1,3.2,medium,stable,progress_gradually
beginner,shoulder_press,menstrual,95,15,167.7,173.8,6.1,low,improving,increase_challenge
intermediate,squat,luteal,74,6,131.8,135.3,3.5,low,stable,maintain_quality
advanced,bicep_curl,skip,100,14,107.6,102.3,5.3,medium,declining,progress_gradually
beginner,bicep_curl,skip,44,17,163.7,159.7,4.0,low,declining,reduce_intensity
intermediate,squat,follicular,59,18,108.1,102.8,5.3,low,improving,focus_control
advanced,lunge,luteal,82,20,129.3,134.1,4.8,medium,stable,progress_gradually
beginner,shoulder_press,menstrual,66,11,102.3,99.7,2.6,medium,declining,focus_control
intermediate,shoulder_press,follicular,83,14,138.1,147.7,9.6,medium,improving,progress_gradually
intermediate,squat,luteal,47,17,106.4,100.6,5.8,medium,improving,reduce_intensity
advanced,squat,menstrual,48,9,104.8,110.1,5.3,medium,improving,reduce_intensity
beginner,lunge,follicular,90,3,119.4,129.1,9.7,medium,improving,progress_gradually
beginner,bicep_curl,follicular,95,3,109.2,106.4,2.8,low,declining,progress_gradually
beginner,bicep_curl,menstrual,43,7,151.9,152.4,0.5,low,stable,reduce_intensity
advanced,squat,luteal,72,6,131.6,126.0,5.6,medium,stable,focus_control
advanced,squat,skip,81,3,104.3,103.9,0.4,medium,stable,progress_gradually
intermediate,shoulder_press,menstrual,98,17,105.1,96.7,8.4,medium,declining,progress_gradually
advanced,lunge,menstrual,79,20,149.9,147.5,2.4,low,stable,progress_gradually
advanced,bicep_curl,luteal,67,6,155.5,147.8,7.7,high,declining,prioritise_recovery
advanced,lunge,luteal,66,13,157.9,155.9,2.0,medium,improving,focus_control
advanced,squat,ovulatory,82,11,126.2,119.3,6.9,medium,stable,progress_gradually
intermediate,squat,menstrual,67,6,152.1,149.6,2.5,low,improving,focus_control
beginner,squat,skip,61,6,128.8,136.3,7.5,high,declining,focus_control
intermediate,squat,ovulatory,62,6,140.5,134.8,5.7,high,stable,focus_control
advanced,shoulder_press,follicular,94,20,125.7,131.0,5.3,low,stable,progress_gradually
advanced,lunge,luteal,79,20,101.8,110.4,8.6,high,declining,prioritise_recovery
advanced,bicep_curl,menstrual,84,12,164.5,161.5,3.0,low,stable,progress_gradually
beginner,lunge,skip,44,7,151.9,161.3,9.4,high,stable,reduce_intensity
beginner,lunge,luteal,61,8,125.9,130.3,4.4,medium,stable,focus_control
advanced,squat,menstrual,88,4,147.2,142.6,4.6,low,improving,increase_challenge
advanced,shoulder_press,luteal,66,11,115.1,115.3,0.2,high,stable,focus_control
intermediate,shoulder_press,menstrual,83,18,136.9,133.1,3.8,medium,declining,progress_gradually
beginner,shoulder_press,skip,53,12,166.2,171.5,5.3,low,improving,reduce_intensity
intermediate,bicep_curl,ovulatory,71,16,112.3,109.9,2.4,low,improving,focus_control
advanced,lunge,skip,91,14,105.0,112.2,7.2,high,declining,maintain_quality
beginner,shoulder_press,menstrual,95,13,140.3,141.8,1.5,medium,improving,progress_gradually
advanced,shoulder_press,ovulatory,41,13,112.0,121.0,9.0,low,stable,reduce_intensity
intermediate,bicep_curl,menstrual,55,16,141.2,141.7,0.5,medium,improving,reduce_intensity
intermediate,bicep_curl,ovulatory,89,8,105.3,108.0,2.7,low,stable,progress_gradually
advanced,lunge,ovulatory,92,7,116.5,109.4,7.1,medium,declining,progress_gradually
beginner,lunge,skip,44,8,166.6,169.2,2.6,low,declining,reduce_intensity
intermediate,shoulder_press,skip,79,13,160.5,163.0,2.5,high,declining,maintain_quality
beginner,shoulder_press,menstrual,80,12,155.7,157.5,1.8,medium,stable,progress_gradually
intermediate,squat,ovulatory,42,4,125.8,121.5,4.3,medium,stable,reduce_intensity
advanced,squat,skip,64,17,140.6,149.7,9.1,high,declining,focus_control
advanced,squat,luteal,52,13,142.4,142.4,0.0,high,declining,prioritise_recovery
beginner,shoulder_press,menstrual,45,19,145.2,136.0,9.2,medium,declining,reduce_intensity
advanced,shoulder_press,luteal,79,8,125.5,133.9,8.4,high,declining,prioritise_recovery
intermediate,shoulder_press,ovulatory,43,13,104.6,96.5,8.1,high,declining,reduce_intensity
advanced,shoulder_press,ovulatory,94,7,123.3,125.0,1.7,medium,declining,progress_gradually
beginner,bicep_curl,ovulatory,82,15,109.0,113.2,4.2,high,declining,maintain_quality
beginner,bicep_curl,skip,90,13,156.9,160.3,3.4,medium,declining,progress_gradually
advanced,squat,luteal,41,14,121.6,130.6,9.0,high,stable,reduce_intensity
intermediate,shoulder_press,follicular,49,5,120.7,126.5,5.8,low,improving,reduce_intensity
advanced,squat,ovulatory,78,15,110.8,104.4,6.4,high,improving,maintain_quality
advanced,lunge,luteal,63,10,167.9,170.1,2.2,low,stable,focus_control
advanced,shoulder_press,follicular,59,18,163.3,157.2,6.1,high,improving,focus_control
advanced,shoulder_press,luteal,72,19,129.3,122.5,6.8,medium,stable,focus_control
beginner,lunge,ovulatory,70,14,138.8,130.9,7.9,low,declining,focus_control
advanced,squat,ovulatory,57,17,163.4,156.3,7.1,low,improving,reduce_intensity
intermediate,squat,follicular,99,3,129.0,126.9,2.1,medium,stable,progress_gradually
intermediate,lunge,luteal,54,3,122.3,114.3,8.0,low,stable,reduce_intensity
advanced,bicep_curl,follicular,58,18,148.7,141.5,7.2,low,improving,focus_control
advanced,shoulder_press,luteal,97,5,101.3,95.6,5.7,high,improving,maintain_quality
beginner,shoulder_press,menstrual,59,6,103.3,101.7,1.6,medium,improving,focus_control
advanced,shoulder_press,menstrual,78,20,101.2,101.5,0.3,low,stable,progress_gradually
beginner,lunge,ovulatory,79,14,116.8,115.1,1.7,medium,improving,progress_gradually
advanced,squat,skip,73,20,135.5,145.3,9.8,medium,improving,improve_range_of_motion
advanced,squat,luteal,80,15,168.7,163.8,4.9,medium,improving,progress_gradually
beginner,bicep_curl,menstrual,86,6,154.0,158.7,4.7,medium,improving,progress_gradually
intermediate,lunge,menstrual,61,8,158.1,161.8,3.7,medium,declining,focus_control
advanced,shoulder_press,follicular,85,17,102.6,96.6,6.0,low,improving,progress_gradually
beginner,squat,ovulatory,65,20,133.1,123.8,9.3,medium,declining,focus_control
advanced,lunge,ovulatory,95,13,119.1,125.1,6.0,medium,improving,progress_gradually
intermediate,shoulder_press,luteal,51,18,148.4,145.7,2.7,medium,stable,reduce_intensity
advanced,bicep_curl,menstrual,45,16,142.2,148.6,6.4,high,stable,reduce_intensity
advanced,bicep_curl,ovulatory,60,12,121.5,123.6,2.1,low,improving,focus_control
intermediate,lunge,luteal,42,14,143.0,141.7,1.3,medium,stable,reduce_intensity
advanced,squat,menstrual,65,14,135.9,140.9,5.0,high,declining,prioritise_recovery
beginner,squat,follicular,90,17,102.4,93.7,8.7,high,declining,improve_range_of_motion
advanced,bicep_curl,ovulatory,42,7,147.5,156.5,9.0,medium,declining,reduce_intensity
intermediate,shoulder_press,menstrual,73,14,127.9,130.9,3.0,high,improving,maintain_quality
beginner,squat,menstrual,71,19,127.1,128.3,1.2,high,improving,focus_control
intermediate,bicep_curl,luteal,58,18,114.0,106.7,7.3,low,declining,focus_control
beginner,shoulder_press,follicular,45,13,146.7,150.9,4.2,high,stable,reduce_intensity
advanced,bicep_curl,ovulatory,85,8,155.6,155.8,0.2,low,declining,progress_gradually
beginner,lunge,follicular,41,14,138.8,136.2,2.6,low,stable,reduce_intensity
advanced,lunge,skip,59,15,170.0,174.4,4.4,low,improving,focus_control
advanced,shoulder_press,luteal,48,13,145.0,144.0,1.0,high,improving,reduce_intensity
advanced,bicep_curl,follicular,77,8,153.7,146.3,7.4,high,declining,maintain_quality
advanced,squat,menstrual,59,8,111.3,120.0,8.7,high,improving,focus_control
beginner,bicep_curl,skip,56,9,144.5,145.5,1.0,medium,improving,reduce_intensity
beginner,bicep_curl,skip,72,8,141.4,143.0,1.6,high,improving,focus_control
beginner,bicep_curl,skip,45,4,166.4,171.8,5.4,low,improving,reduce_intensity
intermediate,lunge,skip,80,3,134.9,137.4,2.5,medium,declining,progress_gradually
intermediate,bicep_curl,luteal,65,12,131.7,135.5,3.8,low,declining,focus_control
beginner,shoulder_press,luteal,53,13,142.5,138.8,3.7,medium,stable,reduce_intensity
advanced,bicep_curl,ovulatory,88,14,136.0,128.1,7.9,medium,improving,progress_gradually
beginner,shoulder_press,menstrual,55,7,106.8,102.6,4.2,medium,stable,reduce_intensity
intermediate,shoulder_press,follicular,99,13,113.3,106.5,6.8,low,stable,progress_gradually
advanced,shoulder_press,luteal,41,5,166.2,166.3,0.1,medium,stable,reduce_intensity
beginner,lunge,skip,43,12,134.6,142.2,7.6,medium,improving,reduce_intensity
advanced,shoulder_press,ovulatory,94,6,130.2,137.8,7.6,high,improving,maintain_quality
advanced,bicep_curl,luteal,65,4,139.9,133.8,6.1,medium,improving,focus_control
advanced,bicep_curl,menstrual,68,20,119.6,129.4,9.8,medium,declining,focus_control
advanced,squat,follicular,63,13,139.0,136.3,2.7,low,stable,focus_control
beginner,lunge,skip,72,4,103.2,95.9,7.3,high,stable,focus_control
intermediate,shoulder_press,skip,78,19,109.8,118.4,8.6,medium,improving,progress_gradually
intermediate,lunge,luteal,93,12,141.6,141.7,0.1,high,declining,prioritise_recovery
advanced,shoulder_press,skip,92,3,125.8,129.3,3.5,medium,stable,progress_gradually
intermediate,bicep_curl,menstrual,56,10,150.5,152.2,1.7,high,stable,reduce_intensity
beginner,shoulder_press,follicular,42,6,113.4,112.2,1.2,high,improving,reduce_intensity
intermediate,lunge,luteal,66,19,154.2,162.6,8.4,high,improving,focus_control
advanced,squat,follicular,75,13,169.9,169.5,0.4,high,improving,maintain_quality
intermediate,bicep_curl,follicular,61,20,124.8,130.2,5.4,medium,declining,focus_control
advanced,bicep_curl,skip,55,11,139.1,133.6,5.5,medium,improving,reduce_intensity
intermediate,bicep_curl,follicular,71,13,133.6,134.8,1.2,high,declining,focus_control
advanced,bicep_curl,ovulatory,83,20,126.6,136.2,9.6,low,declining,progress_gradually
intermediate,lunge,ovulatory,85,5,124.2,123.0,1.2,low,stable,progress_gradually
intermediate,shoulder_press,follicular,57,20,148.7,141.4,7.3,low,declining,reduce_intensity
advanced,lunge,follicular,97,19,115.8,110.5,5.3,low,declining,progress_gradually
beginner,shoulder_press,ovulatory,46,7,100.4,101.4,1.0,high,stable,reduce_intensity
beginner,shoulder_press,luteal,52,12,122.5,125.4,2.9,medium,declining,reduce_intensity
beginner,lunge,skip,94,4,163.9,157.4,6.5,high,declining,maintain_quality
beginner,squat,luteal,99,12,161.4,151.6,9.8,medium,improving,progress_gradually
advanced,squat,ovulatory,81,20,136.7,144.5,7.8,medium,stable,progress_gradually
beginner,shoulder_press,ovulatory,61,8,151.2,154.2,3.0,low,improving,focus_control
advanced,lunge,menstrual,90,12,139.7,144.8,5.1,high,stable,maintain_quality
beginner,shoulder_press,luteal,45,15,146.8,140.5,6.3,high,stable,reduce_intensity
beginner,shoulder_press,ovulatory,56,15,116.5,121.6,5.1,low,improving,reduce_intensity
intermediate,bicep_curl,skip,40,11,145.8,149.7,3.9,high,declining,reduce_intensity
beginner,squat,luteal,65,19,164.6,172.4,7.8,medium,improving,focus_control
intermediate,squat,ovulatory,54,10,167.0,166.6,0.4,medium,declining,reduce_intensity
intermediate,bicep_curl,luteal,98,18,153.0,159.0,6.0,high,declining,prioritise_recovery
beginner,lunge,skip,68,19,149.3,140.9,8.4,low,declining,focus_control
advanced,squat,menstrual,52,20,110.5,107.1,3.4,high,declining,prioritise_recovery
advanced,shoulder_press,menstrual,85,18,106.4,106.6,0.2,high,improving,maintain_quality
beginner,shoulder_press,follicular,69,4,139.1,142.6,3.5,high,stable,focus_control
intermediate,squat,luteal,87,9,140.5,131.4,9.1,medium,improving,progress_gradually
intermediate,squat,skip,99,18,102.2,100.4,1.8,low,improving,increase_challenge
beginner,shoulder_press,ovulatory,95,15,126.3,130.0,3.7,medium,stable,progress_gradually
advanced,lunge,ovulatory,74,15,137.0,141.6,4.6,low,improving,maintain_quality
beginner,squat,menstrual,83,20,129.7,127.3,2.4,medium,stable,progress_gradually
beginner,lunge,luteal,57,9,165.6,170.1,4.5,medium,improving,reduce_intensity
beginner,squat,luteal,55,9,104.7,106.6,1.9,high,improving,reduce_intensity
intermediate,squat,follicular,65,17,116.4,110.7,5.7,high,improving,focus_control
beginner,lunge,skip,92,13,140.4,145.9,5.5,medium,improving,progress_gradually
intermediate,lunge,ovulatory,73,10,128.9,124.4,4.5,low,declining,maintain_quality
advanced,lunge,luteal,43,14,165.9,169.3,3.4,high,stable,reduce_intensity
advanced,bicep_curl,luteal,59,15,112.9,113.7,0.8,medium,improving,focus_control
beginner,lunge,ovulatory,91,17,164.0,165.2,1.2,high,improving,maintain_quality
intermediate,lunge,luteal,53,13,145.3,153.7,8.4,low,stable,reduce_intensity
intermediate,squat,skip,43,11,126.4,128.5,2.1,high,improving,reduce_intensity
beginner,squat,follicular,82,20,115.2,109.4,5.8,high,declining,maintain_quality
intermediate,bicep_curl,menstrual,87,6,152.3,157.4,5.1,low,improving,progress_gradually
beginner,lunge,luteal,60,12,126.6,127.3,0.7,low,declining,focus_control
intermediate,bicep_curl,ovulatory,96,18,132.6,138.7,6.1,medium,declining,progress_gradually
advanced,shoulder_press,ovulatory,60,16,103.2,110.5,7.3,low,stable,focus_control
advanced,lunge,menstrual,99,16,120.7,114.6,6.1,medium,declining,progress_gradually
beginner,shoulder_press,skip,75,13,118.0,124.4,6.4,low,stable,maintain_quality
advanced,shoulder_press,luteal,90,14,111.8,116.2,4.4,low,declining,progress_gradually
intermediate,lunge,skip,73,4,158.7,150.2,8.5,high,improving,improve_range_of_motion
advanced,squat,menstrual,93,10,104.8,97.8,7.0,medium,improving,progress_gradually
beginner,shoulder_press,ovulatory,80,18,146.1,136.4,9.7,low,declining,progress_gradually
advanced,shoulder_press,menstrual,86,11,137.5,133.2,4.3,low,declining,progress_gradually
advanced,shoulder_press,follicular,73,7,116.9,119.3,2.4,low,improving,maintain_quality
intermediate,bicep_curl,ovulatory,63,15,132.1,127.0,5.1,medium,improving,focus_control
advanced,lunge,ovulatory,81,4,106.5,104.1,2.4,high,improving,maintain_quality
advanced,shoulder_press,menstrual,84,8,105.8,112.7,6.9,high,improving,maintain_quality
advanced,bicep_curl,skip,98,4,116.1,124.1,8.0,low,declining,progress_gradually
advanced,shoulder_press,ovulatory,83,11,163.0,164.3,1.3,low,improving,progress_gradually
beginner,lunge,ovulatory,77,7,152.7,157.0,4.3,low,improving,maintain_quality
intermediate,squat,ovulatory,55,15,147.4,148.2,0.8,low,declining,reduce_intensity
intermediate,lunge,menstrual,62,4,106.8,101.4,5.4,high,declining,prioritise_recovery
beginner,bicep_curl,skip,65,13,102.1,97.6,4.5,high,declining,focus_control
intermediate,shoulder_press,follicular,100,15,130.2,133.8,3.6,medium,declining,progress_gradually
advanced,shoulder_press,menstrual,91,10,149.9,141.5,8.4,high,stable,improve_range_of_motion
beginner,shoulder_press,follicular,60,14,107.5,97.6,9.9,high,stable,focus_control
intermediate,shoulder_press,ovulatory,48,5,113.1,112.1,1.0,medium,improving,reduce_intensity
advanced,shoulder_press,menstrual,62,20,106.5,108.5,2.0,low,improving,focus_control
intermediate,shoulder_press,menstrual,64,5,150.7,151.9,1.2,medium,stable,focus_control
beginner,lunge,luteal,57,12,118.8,111.7,7.1,low,improving,reduce_intensity
beginner,shoulder_press,ovulatory,70,5,125.3,134.2,8.9,medium,stable,focus_control
advanced,shoulder_press,skip,69,6,109.5,99.6,9.9,high,improving,focus_control
intermediate,bicep_curl,skip,68,13,130.1,136.6,6.5,medium,stable,focus_control
advanced,lunge,ovulatory,100,9,133.5,127.1,6.4,medium,declining,progress_gradually
intermediate,bicep_curl,ovulatory,80,18,167.7,173.3,5.6,high,declining,maintain_quality
intermediate,shoulder_press,ovulatory,47,9,141.5,142.4,0.9,medium,stable,reduce_intensity
advanced,squat,luteal,68,12,158.2,149.6,8.6,high,improving,focus_control
intermediate,shoulder_press,follicular,55,11,146.1,150.4,4.3,high,stable,reduce_intensity
intermediate,squat,luteal,77,15,137.4,145.9,8.5,high,stable,improve_range_of_motion
advanced,shoulder_press,skip,84,20,141.6,149.9,8.3,low,stable,progress_gradually
beginner,lunge,ovulatory,79,4,139.4,142.3,2.9,low,declining,progress_gradually
advanced,shoulder_press,ovulatory,40,6,118.1,118.3,0.2,medium,improving,reduce_intensity
advanced,lunge,luteal,69,19,110.6,120.6,10.0,medium,stable,focus_control
intermediate,squat,ovulatory,47,7,124.4,121.3,3.1,medium,improving,reduce_intensity
beginner,shoulder_press,ovulatory,68,17,122.3,118.3,4.0,medium,improving,focus_control
advanced,squat,menstrual,46,8,165.1,169.9,4.8,medium,declining,reduce_intensity
advanced,lunge,skip,75,16,167.1,161.7,5.4,low,stable,maintain_quality
intermediate,lunge,follicular,67,15,102.0,104.3,2.3,high,declining,focus_control
beginner,shoulder_press,skip,40,9,114.4,119.4,5.0,medium,stable,reduce_intensity
beginner,squat,skip,60,9,132.0,127.2,4.8,low,stable,focus_control
intermediate,bicep_curl,skip,65,6,124.4,131.3,6.9,medium,declining,focus_control
advanced,lunge,ovulatory,45,7,121.9,116.7,5.2,high,declining,reduce_intensity
beginner,lunge,ovulatory,72,15,129.3,122.1,7.2,high,improving,focus_control
intermediate,shoulder_press,follicular,74,8,138.8,138.6,0.2,medium,declining,maintain_quality
beginner,lunge,ovulatory,43,14,166.6,166.3,0.3,medium,declining,reduce_intensity
beginner,shoulder_press,skip,71,16,147.9,146.2,1.7,high,declining,focus_control
intermediate,shoulder_press,follicular,41,10,120.4,115.9,4.5,low,declining,reduce_intensity
advanced,bicep_curl,follicular,87,18,138.5,130.8,7.7,medium,declining,progress_gradually
beginner,bicep_curl,skip,92,4,153.2,152.0,1.2,medium,declining,progress_gradually
beginner,shoulder_press,menstrual,88,10,120.8,130.8,10.0,high,declining,prioritise_recovery
intermediate,bicep_curl,ovulatory,95,6,154.3,149.0,5.3,low,stable,progress_gradually
advanced,bicep_curl,skip,50,7,154.9,161.2,6.3,high,stable,reduce_intensity
beginner,bicep_curl,skip,74,8,122.7,126.8,4.1,medium,declining,maintain_quality
intermediate,bicep_curl,skip,48,16,164.3,174.1,9.8,high,improving,reduce_intensity
advanced,lunge,follicular,85,13,158.0,163.2,5.2,low,improving,progress_gradually
advanced,shoulder_press,luteal,80,11,143.9,141.4,2.5,low,declining,progress_gradually
beginner,squat,luteal,57,14,131.8,131.6,0.2,high,declining,prioritise_recovery
advanced,squat,menstrual,80,14,159.5,165.4,5.9,high,stable,maintain_quality
intermediate,lunge,luteal,57,13,158.0,154.8,3.2,low,stable,reduce_intensity
advanced,lunge,skip,97,4,103.2,105.7,2.5,medium,stable,progress_gradually
intermediate,squat,menstrual,69,3,169.4,168.0,1.4,low,stable,focus_control
advanced,lunge,ovulatory,45,14,117.5,114.9,2.6,low,stable,reduce_intensity
advanced,lunge,menstrual,59,10,130.0,121.8,8.2,medium,declining,focus_control
beginner,squat,follicular,48,10,136.4,135.3,1.1,medium,improving,reduce_intensity
beginner,bicep_curl,menstrual,48,18,105.0,102.7,2.3,medium,declining,reduce_intensity
advanced,squat,menstrual,96,12,109.6,115.1,5.5,medium,stable,progress_gradually
beginner,lunge,menstrual,40,8,130.8,135.2,4.4,high,declining,prioritise_recovery
advanced,lunge,luteal,68,9,106.1,98.1,8.0,high,declining,prioritise_recovery
beginner,shoulder_press,ovulatory,90,7,117.3,120.2,2.9,medium,stable,progress_gradually
beginner,bicep_curl,menstrual,53,19,142.5,136.3,6.2,high,stable,reduce_intensity
intermediate,bicep_curl,menstrual,64,6,116.9,119.7,2.8,low,stable,focus_control
beginner,squat,ovulatory,64,16,125.6,129.3,3.7,medium,improving,focus_control
intermediate,squat,menstrual,40,11,115.1,123.6,8.5,high,improving,reduce_intensity
intermediate,bicep_curl,skip,84,15,105.8,106.5,0.7,medium,stable,progress_gradually
advanced,lunge,ovulatory,45,19,164.5,174.0,9.5,low,stable,reduce_intensity
beginner,bicep_curl,luteal,88,5,121.7,120.4,1.3,high,declining,prioritise_recovery
beginner,squat,follicular,47,17,142.9,134.0,8.9,low,stable,reduce_intensity
advanced,lunge,menstrual,48,3,111.5,120.6,9.1,low,declining,reduce_intensity
advanced,bicep_curl,follicular,87,11,151.3,143.7,7.6,medium,improving,progress_gradually
beginner,bicep_curl,luteal,44,11,149.9,151.4,1.5,medium,declining,reduce_intensity
beginner,shoulder_press,luteal,43,18,160.2,153.5,6.7,high,stable,reduce_intensity
beginner,bicep_curl,menstrual,86,6,116.0,116.2,0.2,high,declining,prioritise_recovery
beginner,squat,follicular,63,15,164.4,158.0,6.4,low,stable,focus_control
beginner,shoulder_press,follicular,66,13,119.0,110.6,8.4,medium,improving,focus_control
intermediate,squat,skip,51,10,156.3,165.9,9.6,high,improving,reduce_intensity
intermediate,squat,luteal,60,5,138.7,128.9,9.8,medium,stable,focus_control
beginner,bicep_curl,skip,79,10,132.5,134.3,1.8,medium,declining,progress_gradually
intermediate,lunge,skip,40,16,101.7,102.5,0.8,low,improving,reduce_intensity
advanced,squat,ovulatory,64,12,107.3,107.9,0.6,low,declining,focus_control
beginner,shoulder_press,luteal,85,11,106.5,114.9,8.4,low,improving,progress_gradually
advanced,shoulder_press,ovulatory,45,6,135.4,138.1,2.7,medium,declining,reduce_intensity
intermediate,squat,skip,67,7,116.6,111.8,4.8,high,improving,focus_control
intermediate,shoulder_press,ovulatory,57,10,105.2,99.3,5.9,medium,stable,reduce_intensity
advanced,squat,follicular,68,17,122.0,114.4,7.6,low,improving,focus_control
intermediate,lunge,luteal,56,6,106.3,112.5,6.2,medium,stable,reduce_intensity
intermediate,squat,follicular,45,10,167.8,165.7,2.1,medium,improving,reduce_intensity
beginner,bicep_curl,ovulatory,100,15,159.8,160.9,1.1,low,improving,increase_challenge
advanced,lunge,menstrual,91,7,108.5,99.7,8.8,medium,improving,progress_gradually
beginner,lunge,follicular,83,5,140.8,136.0,4.8,medium,stable,progress_gradually
beginner,squat,menstrual,68,7,106.4,113.3,6.9,low,declining,focus_control
intermediate,squat,menstrual,50,16,157.5,155.4,2.1,medium,improving,reduce_intensity
beginner,shoulder_press,luteal,53,8,119.2,118.1,1.1,low,stable,reduce_intensity
beginner,squat,skip,55,12,134.9,142.6,7.7,high,declining,reduce_intensity
intermediate,squat,menstrual,48,16,114.0,121.7,7.7,medium,stable,reduce_intensity
advanced,lunge,skip,90,14,133.6,139.2,5.6,low,stable,progress_gradually
intermediate,bicep_curl,luteal,41,13,141.8,132.4,9.4,medium,improving,reduce_intensity
intermediate,squat,luteal,89,10,168.2,160.2,8.0,high,stable,maintain_quality
advanced,lunge,ovulatory,43,10,140.3,150.0,9.7,high,declining,reduce_intensity
intermediate,bicep_curl,follicular,77,13,156.4,160.4,4.0,low,improving,maintain_quality
advanced,squat,ovulatory,49,9,158.6,164.8,6.2,high,declining,reduce_intensity
intermediate,bicep_curl,follicular,45,4,116.3,110.7,5.6,medium,improving,reduce_intensity
advanced,shoulder_press,menstrual,52,7,123.9,117.4,6.5,medium,declining,reduce_intensity
intermediate,squat,menstrual,85,7,154.2,161.1,6.9,low,declining,progress_gradually
intermediate,squat,ovulatory,65,6,123.6,120.1,3.5,high,declining,focus_control
beginner,shoulder_press,luteal,51,20,148.5,157.1,8.6,high,stable,reduce_intensity
intermediate,lunge,skip,59,12,108.9,113.5,4.6,low,stable,focus_control
advanced,shoulder_press,skip,78,13,164.5,173.9,9.4,low,improving,progress_gradually
beginner,squat,luteal,87,5,116.7,126.3,9.6,low,stable,progress_gradually
beginner,squat,ovulatory,56,9,117.5,108.9,8.6,medium,improving,reduce_intensity
intermediate,squat,menstrual,68,16,167.8,175.5,7.7,low,stable,focus_control
intermediate,shoulder_press,ovulatory,46,18,155.2,156.8,1.6,high,stable,reduce_intensity
advanced,lunge,follicular,91,4,120.6,117.0,3.6,medium,improving,progress_gradually
beginner,squat,ovulatory,50,5,138.3,146.3,8.0,low,stable,reduce_intensity
beginner,bicep_curl,skip,85,3,130.2,133.3,3.1,high,stable,maintain_quality
advanced,shoulder_press,follicular,61,9,168.2,166.4,1.8,low,improving,focus_control
advanced,bicep_curl,ovulatory,46,4,127.5,128.5,1.0,medium,improving,reduce_intensity
intermediate,lunge,menstrual,67,5,120.6,123.8,3.2,medium,improving,focus_control
advanced,shoulder_press,follicular,53,8,144.7,154.2,9.5,low,improving,reduce_intensity
intermediate,squat,ovulatory,71,11,106.4,107.3,0.9,medium,stable,focus_control
beginner,bicep_curl,luteal,68,4,118.4,117.7,0.7,medium,improving,focus_control
beginner,bicep_curl,skip,88,6,106.0,102.9,3.1,low,improving,increase_challenge
advanced,shoulder_press,skip,43,15,157.3,155.7,1.6,low,declining,reduce_intensity
advanced,shoulder_press,skip,59,5,127.6,134.7,7.1,low,stable,focus_control
beginner,lunge,menstrual,100,8,168.1,174.3,6.2,medium,improving,progress_gradually
beginner,squat,luteal,67,9,169.8,172.3,2.5,low,declining,focus_control
advanced,bicep_curl,ovulatory,45,15,138.9,139.9,1.0,high,improving,reduce_intensity
intermediate,shoulder_press,menstrual,77,19,154.7,147.0,7.7,high,declining,prioritise_recovery
beginner,lunge,skip,88,6,164.7,166.0,1.3,high,declining,maintain_quality
beginner,bicep_curl,skip,56,15,145.8,147.2,1.4,medium,stable,reduce_intensity
intermediate,squat,follicular,49,15,102.7,110.5,7.8,medium,stable,reduce_intensity
intermediate,lunge,menstrual,98,11,162.8,153.2,9.6,high,stable,improve_range_of_motion
intermediate,bicep_curl,ovulatory,83,6,168.1,162.7,5.4,medium,declining,progress_gradually
intermediate,shoulder_press,ovulatory,66,5,113.2,107.4,5.8,medium,declining,focus_control
intermediate,shoulder_press,skip,72,8,104.6,108.8,4.2,medium,improving,focus_control
intermediate,lunge,skip,51,9,161.3,155.3,6.0,high,improving,reduce_intensity
beginner,lunge,menstrual,98,14,149.3,144.8,4.5,medium,improving,progress_gradually
intermediate,shoulder_press,menstrual,55,14,134.2,133.1,1.1,high,improving,reduce_intensity
intermediate,bicep_curl,ovulatory,87,5,120.0,117.7,2.3,low,stable,progress_gradually
beginner,lunge,follicular,83,9,118.8,117.0,1.8,high,improving,maintain_quality
beginner,squat,luteal,51,3,115.7,117.9,2.2,low,declining,reduce_intensity
intermediate,bicep_curl,luteal,69,11,115.3,111.3,4.0,medium,stable,focus_control
advanced,shoulder_press,skip,72,14,139.3,141.2,1.9,low,improving,focus_control
intermediate,bicep_curl,menstrual,61,11,144.8,152.0,7.2,medium,improving,focus_control
intermediate,bicep_curl,follicular,88,10,163.0,169.1,6.1,low,declining,progress_gradually
advanced,shoulder_press,ovulatory,86,3,145.9,155.8,9.9,high,improving,improve_range_of_motion
intermediate,shoulder_press,luteal,42,9,124.0,128.3,4.3,medium,declining,reduce_intensity
advanced,shoulder_press,ovulatory,94,8,158.8,166.3,7.5,high,stable,maintain_quality
beginner,bicep_curl,menstrual,87,11,150.8,152.0,1.2,medium,improving,progress_gradually
beginner,bicep_curl,menstrual,54,12,129.4,137.1,7.7,low,stable,reduce_intensity
intermediate,bicep_curl,skip,94,6,132.9,140.2,7.3,medium,stable,progress_gradually
advanced,squat,luteal,47,15,137.1,135.4,1.7,low,declining,reduce_intensity
beginner,lunge,follicular,76,17,110.0,117.2,7.2,medium,stable,maintain_quality
beginner,squat,luteal,51,13,144.4,134.5,9.9,medium,declining,reduce_intensity
intermediate,lunge,follicular,71,5,109.1,107.8,1.3,high,improving,focus_control
intermediate,shoulder_press,luteal,40,4,137.4,142.0,4.6,medium,stable,reduce_intensity
beginner,bicep_curl,skip,83,3,143.9,138.9,5.0,low,improving,progress_gradually
advanced,bicep_curl,ovulatory,64,19,141.2,134.5,6.7,low,improving,focus_control
beginner,bicep_curl,ovulatory,73,19,123.6,131.4,7.8,medium,declining,maintain_quality
beginner,bicep_curl,luteal,50,15,101.3,95.8,5.5,medium,improving,reduce_intensity
beginner,lunge,menstrual,50,6,125.7,128.7,3.0,high,declining,prioritise_recovery
beginner,shoulder_press,ovulatory,43,4,146.3,149.4,3.1,high,declining,reduce_intensity
beginner,squat,menstrual,64,6,138.3,137.8,0.5,medium,stable,focus_control
beginner,lunge,menstrual,82,6,146.4,141.8,4.6,medium,stable,progress_gradually
advanced,lunge,luteal,86,6,119.8,125.5,5.7,low,declining,progress_gradually
intermediate,lunge,skip,93,19,168.1,165.3,2.8,low,stable,progress_gradually
intermediate,bicep_curl,follicular,71,9,148.2,147.8,0.4,low,declining,focus_control
beginner,squat,menstrual,98,6,158.5,161.9,3.4,high,improving,maintain_quality
beginner,squat,skip,86,6,163.3,166.2,2.9,low,declining,progress_gradually
intermediate,bicep_curl,ovulatory,46,8,161.2,168.2,7.0,medium,improving,reduce_intensity
intermediate,bicep_curl,luteal,46,4,100.7,93.5,7.2,high,improving,reduce_intensity
advanced,lunge,ovulatory,79,11,161.5,153.4,8.1,medium,stable,progress_gradually
intermediate,lunge,menstrual,69,11,158.5,162.3,3.8,medium,stable,focus_control
intermediate,shoulder_press,follicular,84,4,168.7,175.6,6.9,low,improving,progress_gradually
beginner,shoulder_press,skip,83,17,112.7,110.3,2.4,medium,declining,progress_gradually
intermediate,squat,follicular,47,16,130.8,122.1,8.7,medium,stable,reduce_intensity
advanced,bicep_curl,menstrual,73,10,168.5,171.9,3.4,high,declining,prioritise_recovery
intermediate,squat,luteal,55,18,124.2,127.7,3.5,high,declining,prioritise_recovery
intermediate,lunge,skip,40,8,135.4,134.8,0.6,high,improving,reduce_intensity
intermediate,lunge,menstrual,55,13,167.9,158.9,9.0,medium,stable,reduce_intensity
beginner,shoulder_press,luteal,69,17,156.1,155.1,1.0,low,improving,focus_control
intermediate,shoulder_press,ovulatory,87,3,107.2,105.4,1.8,low,stable,progress_gradually
advanced,squat,menstrual,80,12,162.3,163.5,1.2,high,declining,prioritise_recovery
advanced,shoulder_press,ovulatory,92,10,159.1,155.7,3.4,medium,improving,progress_gradually
advanced,shoulder_press,ovulatory,47,6,153.2,147.6,5.6,high,stable,reduce_intensity
intermediate,bicep_curl,ovulatory,63,6,103.2,96.5,6.7,high,declining,focus_control
beginner,shoulder_press,menstrual,52,9,108.5,115.5,7.0,medium,declining,reduce_intensity
beginner,shoulder_press,follicular,46,16,103.3,106.0,2.7,high,stable,reduce_intensity
advanced,squat,luteal,77,19,109.4,109.4,0.0,medium,declining,maintain_quality
advanced,squat,skip,70,19,154.7,162.9,8.2,medium,declining,focus_control
advanced,lunge,follicular,82,13,135.3,133.0,2.3,low,stable,progress_gradually
advanced,lunge,ovulatory,58,17,156.3,149.1,7.2,medium,stable,focus_control
advanced,bicep_curl,skip,87,20,144.3,138.3,6.0,medium,declining,progress_gradually
advanced,bicep_curl,ovulatory,85,8,135.3,139.2,3.9,high,improving,maintain_quality
intermediate,squat,ovulatory,77,16,147.2,155.1,7.9,high,stable,maintain_quality
advanced,bicep_curl,luteal,46,3,126.7,117.8,8.9,low,declining,reduce_intensity
beginner,lunge,ovulatory,83,11,110.2,101.4,8.8,low,stable,progress_gradually
intermediate,lunge,skip,92,17,107.2,114.6,7.4,low,stable,progress_gradually
advanced,lunge,skip,72,12,148.5,139.4,9.1,medium,improving,focus_control
intermediate,shoulder_press,luteal,75,4,100.9,95.9,5.0,high,stable,maintain_quality
advanced,shoulder_press,follicular,85,14,152.9,153.8,0.9,high,declining,maintain_quality
advanced,lunge,follicular,51,5,113.1,106.6,6.5,medium,stable,reduce_intensity
advanced,squat,luteal,57,20,118.5,111.7,6.8,low,stable,reduce_intensity
intermediate,squat,ovulatory,99,7,102.8,111.4,8.6,medium,declining,progress_gradually
advanced,squat,skip,71,20,125.1,130.8,5.7,high,stable,focus_control
intermediate,lunge,follicular,90,19,111.2,112.1,0.9,high,improving,maintain_quality
intermediate,squat,ovulatory,82,13,123.2,119.1,4.1,low,improving,progress_gradually
advanced,shoulder_press,skip,47,14,131.2,139.3,8.1,high,improving,reduce_intensity
advanced,lunge,menstrual,64,6,127.0,127.8,0.8,high,stable,focus_control
intermediate,squat,skip,91,19,131.2,122.1,9.1,medium,declining,progress_gradually
advanced,lunge,ovulatory,100,6,111.7,120.8,9.1,high,improving,improve_range_of_motion
advanced,squat,menstrual,80,9,160.5,159.0,1.5,low,declining,progress_gradually
beginner,lunge,skip,89,16,145.3,154.1,8.8,high,declining,improve_range_of_motion
advanced,lunge,menstrual,61,4,106.1,97.2,8.9,medium,declining,focus_control
intermediate,squat,skip,66,15,131.6,129.7,1.9,low,stable,focus_control
intermediate,squat,luteal,74,3,144.9,147.3,2.4,high,improving,maintain_quality
advanced,squat,menstrual,46,12,155.1,151.1,4.0,medium,declining,reduce_intensity
beginner,bicep_curl,luteal,92,3,133.2,133.9,0.7,medium,stable,progress_gradually
beginner,shoulder_press,skip,49,12,147.4,155.7,8.3,medium,declining,reduce_intensity
advanced,bicep_curl,menstrual,49,6,102.9,104.4,1.5,high,declining,prioritise_recovery
intermediate,squat,ovulatory,87,14,114.8,122.9,8.1,low,declining,progress_gradually
advanced,lunge,follicular,79,11,113.6,107.2,6.4,low,improving,progress_gradually
advanced,squat,skip,75,5,120.3,111.6,8.7,medium,declining,improve_range_of_motion
beginner,lunge,skip,62,7,147.0,141.7,5.3,medium,stable,focus_control
intermediate,squat,follicular,68,13,143.1,139.2,3.9,medium,stable,focus_control
advanced,lunge,skip,91,13,167.1,160.5,6.6,high,stable,maintain_quality
intermediate,lunge,follicular,81,16,119.4,116.6,2.8,high,declining,maintain_quality
advanced,bicep_curl,luteal,62,12,134.1,126.3,7.8,medium,stable,focus_control
advanced,squat,ovulatory,52,11,151.3,153.8,2.5,low,declining,reduce_intensity
advanced,squat,menstrual,41,15,153.8,148.1,5.7,high,declining,prioritise_recovery
beginner,bicep_curl,skip,81,7,125.6,120.1,5.5,high,stable,maintain_quality
advanced,bicep_curl,follicular,72,5,127.8,127.8,0.0,medium,declining,focus_control
advanced,lunge,skip,88,19,109.8,103.0,6.8,high,improving,maintain_quality
advanced,lunge,luteal,54,18,116.2,111.5,4.7,medium,improving,reduce_intensity
beginner,squat,follicular,64,18,164.3,171.9,7.6,high,stable,focus_control
beginner,bicep_curl,menstrual,80,11,158.4,153.7,4.7,high,declining,prioritise_recovery
advanced,lunge,luteal,63,5,136.2,133.7,2.5,high,stable,focus_control
beginner,shoulder_press,ovulatory,90,18,162.1,152.2,9.9,medium,stable,progress_gradually
beginner,shoulder_press,follicular,72,11,114.8,108.5,6.3,low,improving,focus_control
intermediate,squat,follicular,86,6,133.7,133.3,0.4,medium,stable,progress_gradually
beginner,lunge,luteal,42,7,140.1,133.3,6.8,low,improving,reduce_intensity
advanced,squat,skip,50,11,164.6,164.9,0.3,low,improving,reduce_intensity
intermediate,squat,ovulatory,68,18,160.7,154.1,6.6,low,improving,focus_control
intermediate,lunge,skip,82,19,118.5,123.0,4.5,low,declining,progress_gradually
intermediate,shoulder_press,skip,54,15,127.0,119.2,7.8,high,improving,reduce_intensity
beginner,shoulder_press,follicular,51,18,163.1,165.1,2.0,high,improving,reduce_intensity
advanced,squat,menstrual,48,20,157.9,165.8,7.9,medium,declining,reduce_intensity
advanced,shoulder_press,skip,95,4,148.8,147.4,1.4,medium,stable,progress_gradually
intermediate,shoulder_press,ovulatory,98,6,129.8,124.9,4.9,high,declining,maintain_quality
beginner,squat,ovulatory,66,11,113.2,117.4,4.2,high,declining,focus_control
beginner,squat,skip,81,9,148.1,144.4,3.7,low,stable,progress_gradually
intermediate,squat,follicular,77,11,118.3,119.0,0.7,medium,declining,maintain_quality
advanced,bicep_curl,skip,65,9,128.9,134.6,5.7,medium,declining,focus_control
intermediate,lunge,ovulatory,70,11,169.2,170.8,1.6,high,declining,focus_control
advanced,shoulder_press,follicular,87,10,131.3,135.3,4.0,high,improving,maintain_quality
beginner,squat,follicular,90,13,156.1,158.4,2.3,high,stable,maintain_quality
advanced,squat,follicular,40,5,157.6,157.0,0.6,medium,declining,reduce_intensity
advanced,shoulder_press,menstrual,54,14,105.6,96.4,9.2,low,stable,reduce_intensity
intermediate,shoulder_press,skip,58,4,166.2,172.6,6.4,high,declining,focus_control
advanced,shoulder_press,luteal,94,19,120.0,110.7,9.3,low,improving,increase_challenge
advanced,lunge,skip,42,14,116.7,106.7,10.0,low,declining,reduce_intensity
beginner,squat,ovulatory,82,15,128.4,122.4,6.0,medium,stable,progress_gradually
beginner,squat,menstrual,86,20,164.1,161.1,3.0,high,stable,maintain_quality
intermediate,lunge,skip,99,15,140.2,135.4,4.8,low,stable,progress_gradually
intermediate,squat,skip,58,13,166.3,172.4,6.1,low,declining,focus_control
intermediate,bicep_curl,luteal,70,10,153.0,162.2,9.2,medium,declining,focus_control
intermediate,shoulder_press,skip,47,11,104.7,107.4,2.7,low,stable,reduce_intensity
beginner,lunge,ovulatory,73,20,100.7,107.3,6.6,medium,stable,maintain_quality
beginner,bicep_curl,menstrual,87,13,105.3,113.9,8.6,medium,declining,progress_gradually
intermediate,bicep_curl,ovulatory,57,8,166.3,170.0,3.7,low,declining,reduce_intensity
beginner,shoulder_press,follicular,55,11,114.5,108.6,5.9,low,declining,reduce_intensity
beginner,bicep_curl,follicular,98,5,147.3,150.6,3.3,low,improving,increase_challenge
advanced,squat,skip,63,13,134.5,144.2,9.7,low,stable,focus_control
advanced,bicep_curl,luteal,57,15,115.5,117.0,1.5,low,declining,reduce_intensity
beginner,shoulder_press,luteal,72,14,127.6,131.3,3.7,high,improving,focus_control
beginner,shoulder_press,menstrual,69,13,148.2,138.4,9.8,high,declining,prioritise_recovery
beginner,shoulder_press,skip,63,11,113.1,108.4,4.7,low,stable,focus_control
intermediate,shoulder_press,skip,51,18,129.7,128.1,1.6,medium,stable,reduce_intensity
intermediate,bicep_curl,luteal,51,7,168.5,172.2,3.7,medium,stable,reduce_intensity
beginner,bicep_curl,follicular,94,15,113.7,119.7,6.0,high,stable,maintain_quality
advanced,lunge,luteal,66,18,109.4,117.3,7.9,low,improving,focus_control
advanced,bicep_curl,luteal,75,4,127.9,131.7,3.8,medium,stable,maintain_quality
beginner,lunge,ovulatory,46,17,152.1,147.3,4.8,medium,declining,reduce_intensity
intermediate,bicep_curl,ovulatory,47,14,160.7,170.0,9.3,low,stable,reduce_intensity
beginner,lunge,ovulatory,83,19,134.1,138.8,4.7,medium,stable,progress_gradually
beginner,shoulder_press,skip,80,7,160.8,163.6,2.8,medium,stable,progress_gradually
intermediate,shoulder_press,skip,94,5,105.5,102.4,3.1,high,stable,maintain_quality
intermediate,bicep_curl,ovulatory,78,15,119.0,117.9,1.1,high,stable,maintain_quality
intermediate,shoulder_press,luteal,94,3,108.8,103.5,5.3,low,improving,increase_challenge
intermediate,squat,follicular,46,6,104.5,112.1,7.6,low,stable,reduce_intensity
advanced,squat,menstrual,88,5,107.3,109.7,2.4,medium,declining,progress_gradually
beginner,shoulder_press,ovulatory,87,12,131.0,123.5,7.5,low,improving,progress_gradually
advanced,lunge,menstrual,62,13,160.5,159.8,0.7,low,declining,focus_control
advanced,bicep_curl,skip,100,20,112.4,114.4,2.0,medium,improving,progress_gradually
advanced,shoulder_press,skip,74,12,163.6,163.2,0.4,high,declining,maintain_quality
beginner,squat,luteal,66,11,110.9,101.1,9.8,medium,stable,focus_control
advanced,lunge,ovulatory,74,3,148.1,147.9,0.2,medium,stable,maintain_quality
intermediate,bicep_curl,menstrual,78,10,155.8,156.8,1.0,medium,stable,progress_gradually
beginner,shoulder_press,skip,55,8,150.0,152.9,2.9,medium,stable,reduce_intensity
